{"cameraMode":{"drawMode":0,"name":"Shaded","section":"Shading Mode"},"sceneLighting":false,"audioPlay":false,"sceneViewState":{"m_AlwaysRefresh":false,"showFog":true,"showSkybox":false,"showFlares":true,"showImageEffects":true,"showParticleSystems":true,"showVisualEffectGraphs":true,"m_FxEnabled":true},"in2DMode":false,"pivot":{"x":-0.000039577484130859375,"y":0.12928080558776856,"z":0.00045174360275268555},"rotation":{"x":-0.08355643600225449,"y":0.9011892676353455,"z":-0.2008703351020813,"w":-0.3748697340488434},"size":0.8211632370948792,"orthographic":false}